# name,category,top module; testbench naming depends on the module family
reset_ctrl,cdc,ip_reset_sync_top
baud_nco,timing,baud_nco_top
uart,peripherals,uart_top
i2c_master,peripherals,i2c_top
spi_master,peripherals,spi_top
gpio,peripherals,gpio_top
intc,peripherals,intc_top
pwm,timing,pwm_top
quadrature_decoder,peripherals,quad_dec_top
watchdog,timing,watchdog_top
edge_event_capture,peripherals,edge_event_capture_top
async_fifo,fifo,async_fifo
axis_async_bridge,cdc,axis_async_bridge
axi4_lite_cdc,cdc,axi4_lite_cdc
dma_engine,bus,dma_engine
axis_dma,bus,axis_dma
bit_sync,cdc,bit_sync
toggle_sync,cdc,toggle_sync
pulse_sync,cdc,pulse_sync
reset_sync,cdc,reset_sync
edge_detect,common,edge_detect
clock_enable,timing,clock_enable
counter,timing,counter
timeout_timer,timing,timeout_timer
priority_encoder,common,priority_encoder
onehot_decoder,common,onehot_decoder
single_port_ram,memory,single_port_ram
simple_dual_port_ram,memory,simple_dual_port_ram
true_dual_port_ram,memory,true_dual_port_ram
rom,memory,rom
register_file,memory,register_file
sync_fifo,fifo,sync_fifo
fallthrough_fifo,fifo,fallthrough_fifo
packet_fifo,fifo,packet_fifo
memory_arbiter,memory,memory_arbiter
nco,timing,nco
baud_generator,timing,baud_generator
pulse_generator,timing,pulse_generator
frequency_counter,timing,frequency_counter
timestamp_counter,timing,timestamp_counter
rate_limiter,timing,rate_limiter
interval_timer,timing,interval_timer
axi4_lite_slave,bus,axi4_lite_slave
axi4_lite_regs,bus,axi4_lite_regs
axi4_lite_decoder,bus,axi4_lite_decoder
axi4_lite_mux,bus,axi4_lite_mux
axi_stream_fifo,bus,axi_stream_fifo
axi_stream_width_converter,bus,axi_stream_width_converter
axi_stream_arbiter,bus,axi_stream_arbiter
parity_gen,integrity,parity_gen
parity_check,integrity,parity_check
crc8,integrity,crc8
crc16,integrity,crc16
crc32,integrity,crc32
checksum,integrity,checksum
lfsr,integrity,lfsr
error_status,integrity,error_status
spi_slave,peripherals,spi_slave
clock_domain_bridge,cdc,clock_domain_bridge
uart_tx,peripherals,uart_tx
uart_rx,peripherals,uart_rx
cordic,common,cordic
dds,common,dds
fir,common,fir
cic,common,cic
ecc_memory_ctrl,integrity,ecc_memory_ctrl
packet_parser,bus,packet_parser
packet_formatter,bus,packet_formatter
i2s,peripherals,i2s
eth_mac_if,peripherals,eth_mac_if
spi_flash_ctrl,peripherals,spi_flash_ctrl
sdio_host,peripherals,sdio_host
demo_regs,bus,demo_regs
pcie_tl_ep,peripherals,pcie_tl_ep_top
usb_fs_sie,peripherals,usb_fs_sie_top
axi_checkers,scalers,axis_checker
axil_regbus,scalers,axil_regbus
axil_split,scalers,axil_split
banked_framebuf,scalers,banked_framebuf
scaler_anisotropic,scalers,scaler_anisotropic
scaler_bicubic,scalers,scaler_bicubic
scaler_bilinear,scalers,scaler_bilinear
scaler_ctrl,scalers,scaler_ctrl
scaler_dda,scalers,scaler_dda
scaler_edge_directed,scalers,scaler_edge_directed
scaler_lanczos,scalers,scaler_lanczos
scaler_mip,scalers,scaler_mip
scaler_nearest,scalers,scaler_nearest
scaler_polyphase,scalers,scaler_polyphase
scaler_trilinear,scalers,scaler_trilinear
sharpen_cas,scalers,sharpen_cas
spatial_upscaler,scalers,spatial_upscaler
mac,math,mac
csi2_rx,video,csi2_rx
csi2_raw_unpack,video,csi2_raw_unpack
isp_window,video,isp_window
isp_blc_wb,video,isp_blc_wb
isp_dpc,video,isp_dpc
isp_demosaic,video,isp_demosaic
isp_ccm,video,isp_ccm
isp_gamma,video,isp_gamma
isp_csc,video,isp_csc
isp_stats,video,isp_stats
vid_timing_gen,video,vid_timing_gen
axis_to_video,video,axis_to_video
tmds_encoder,video,tmds_encoder
hdmi_tx,video,hdmi_tx
tmds_serializer,video,tmds_serializer
video_pipeline,video,video_pipeline
csi2_tx,video,csi2_tx
dsi_tx,video,dsi_tx
lvds_tx,video,lvds_tx
lvds_serializer,video,lvds_serializer
conv2d_core,video,conv2d_core
conv2d_filter,video,conv2d_filter
blur_filter,video,blur_filter
sharpen_filter,video,sharpen_filter
blur_sharpen,video,blur_sharpen
py_core,cpu,py_core
py_soc,cpu,py_soc
